{
  "os":  "Windows-11-10.0.26100-SP0",
  "python":  "CPython 3.12.11",
  "startedAt":  "2025-09-16T07:56:10.894701Z",
  "args":  [
    "--columns",
    "3",
    "4",
    "5",
    "6",
    "7"
  ],
  "program":  "D:\\OneDrive\\HKUST\\(Doing)_Bio_inspired_Origami_Fish_Scale\\ML_Code\\Training_process\\train_new0.py",
  "codePath":  "train_new0.py",
  "codePathLocal":  "train_new0.py",
  "email":  "qxuas@connect.ust.hk",
  "root":  "D:\\OneDrive\\HKUST\\(Doing)_Bio_inspired_Origami_Fish_Scale\\ML_Code\\Training_process",
  "host":  "DESKTOP-86SFTPQ",
  "executable":  "D:\\General_Apps\\Anaconda\\envs\\XQ\\python.exe",
  "cpu_count":  16,
  "cpu_count_logical":  32,
  "gpu":  "NVIDIA GeForce RTX 5090",
  "gpu_count":  1,
  "disk":  {
    "/":  {
      "total":  "2048405794816",
      "used":  "285406154752"
    }
  },
  "memory":  {
    "total":  "66187632640"
  },
  "gpu_nvidia":  [
    {
      "name":  "NVIDIA GeForce RTX 5090",
      "memoryTotal":  "34190917632",
      "cudaCores":  21760,
      "architecture":  "Blackwell",
      "uuid":  "GPU-f68e4637-9ddf-b563-66f3-1e4688359545"
    }
  ],
  "cudaVersion":  "13.0",
  "writerId":  "axg0hjhdqvde6yl4ntwvg3s6c5fe6fif"
}