{
  "os":  "Windows-11-10.0.26100-SP0",
  "python":  "CPython 3.12.11",
  "startedAt":  "2025-09-10T09:41:42.564926Z",
  "args":  [
    "--columns",
    "3",
    "5",
    "7",
    "9",
    "11"
  ],
  "program":  "D:\\General_Apps\\WeChat\\S\\xwechat_files\\wxid_utxkgrb7381g21_60f1\\msg\\file\\2025-09\\final_code\\final_code\\Training_process\\train_new.py",
  "codePath":  "train_new.py",
  "codePathLocal":  "train_new.py",
  "email":  "qxuas@connect.ust.hk",
  "root":  "D:\\General_Apps\\WeChat\\S\\xwechat_files\\wxid_utxkgrb7381g21_60f1\\msg\\file\\2025-09\\final_code\\final_code\\Training_process",
  "host":  "DESKTOP-86SFTPQ",
  "executable":  "D:\\General_Apps\\Anaconda\\envs\\XQ\\python.exe",
  "cpu_count":  16,
  "cpu_count_logical":  32,
  "gpu":  "NVIDIA GeForce RTX 5090",
  "gpu_count":  1,
  "disk":  {
    "/":  {
      "total":  "2048405794816",
      "used":  "284396343296"
    }
  },
  "memory":  {
    "total":  "66187632640"
  },
  "gpu_nvidia":  [
    {
      "name":  "NVIDIA GeForce RTX 5090",
      "memoryTotal":  "34190917632",
      "cudaCores":  21760,
      "architecture":  "Blackwell",
      "uuid":  "GPU-f68e4637-9ddf-b563-66f3-1e4688359545"
    }
  ],
  "cudaVersion":  "13.0",
  "writerId":  "ok8654itgi8i6ay56kxt6o693pl8vkgh"
}