{
  "os": "Linux-6.8.0-57-generic-x86_64-with-glibc2.35",
  "python": "3.10.15",
  "startedAt": "2025-05-05T07:26:00.309951Z",
  "program": "/home/duan/Documents/ELEC5680/final/Training_process/Resnet_xuqian_c1.py",
  "codePath": "ELEC5680/final/Training_process/Resnet_xuqian_c1.py",
  "email": "bzhangcd@connect.ust.hk",
  "root": "/home/duan/Documents/ELEC5680/final/Training_process",
  "host": "duan",
  "username": "duan",
  "executable": "/home/duan/miniconda3/envs/py310/bin/python3",
  "codePathLocal": "Resnet_xuqian_c1.py",
  "cpu_count": 6,
  "cpu_count_logical": 12,
  "gpu": "NVIDIA GeForce GTX 1080 Ti",
  "gpu_count": 2,
  "disk": {
    "/": {
      "total": "80052137984",
      "used": "26625052672"
    }
  },
  "memory": {
    "total": "134978682880"
  },
  "cpu": {
    "count": 6,
    "countLogical": 12
  },
  "gpu_nvidia": [
    {
      "name": "NVIDIA GeForce GTX 1080 Ti",
      "memoryTotal": "11811160064",
      "cudaCores": 3584,
      "architecture": "Pascal"
    },
    {
      "name": "NVIDIA GeForce GTX 1080 Ti",
      "memoryTotal": "11811160064",
      "cudaCores": 3584,
      "architecture": "Pascal"
    }
  ],
  "cudaVersion": "12.4"
}