{
  "os": "Windows-10-10.0.26100-SP0",
  "python": "CPython 3.9.21",
  "startedAt": "2025-08-03T06:34:06.357862Z",
  "args": [
    "--columns",
    "4",
    "6",
    "8",
    "10"
  ],
  "program": "D:\\Download\\Supplementary_Information\\Supplementary_Information\\final_code\\Training_process\\train_new.py",
  "codePath": "train_new.py",
  "codePathLocal": "train_new.py",
  "email": "bzhangcd@connect.ust.hk",
  "root": "D:\\Download\\Supplementary_Information\\Supplementary_Information\\final_code\\Training_process",
  "host": "ZHANGBOYANG",
  "executable": "C:\\Users\\11312\\.conda\\envs\\py39\\python.exe",
  "cpu_count": 6,
  "cpu_count_logical": 12,
  "gpu": "NVIDIA GeForce RTX 3050 Laptop GPU",
  "gpu_count": 1,
  "disk": {
    "/": {
      "total": "294972813312",
      "used": "236906004480"
    }
  },
  "memory": {
    "total": "16312721408"
  },
  "gpu_nvidia": [
    {
      "name": "NVIDIA GeForce RTX 3050 Laptop GPU",
      "memoryTotal": "4294967296",
      "cudaCores": 2048,
      "architecture": "Ampere",
      "uuid": "GPU-f1e5122b-f61e-165d-6a74-e0a48832e974"
    }
  ],
  "cudaVersion": "12.3",
  "writerId": "l5zrwtx3cymmc5puq8azxgpf2iccb5o4"
}